PLOT;LAT;LONG;ELEVgps;Date;vegtype_1;vegtype_2;Locality Relief;EXP;INCL;Tree_cover;Tree_height;Shrub_cover;Shrub_height;Herb_cover;Herb_height;Bryo_Moos;Lich_Flechten;Soil;Rock;Dead_Wood;Litter;soil_type;Total_Depth_to_parentrock;soil_color_7,5YR;organic_content;HCL;SOIL
A47;14,9768170;-24,2922549;100;24.09.2015;lava;lava_young;;NE;8;0,00;0,00;2,00;0,30;2,00;0,20;0,00;0,00;0,00;95,00;0,00;0,00;NA;NA;NA;NA;NA;NA
B02;14,8801380;-24,4911110;15;16.09.2015;beach;beach_spühlsaum;beach;SW;1;0,00;0,00;75,00;4,00;0,00;0,00;0,00;0,00;0,00;5,00;5,00;90,00;A/C;0,1;NA;h3;c0;ss
B03;14,8801360;-24,4909130;22;16.09.2015;beach;beach_spühlsaum;beach;SW;1;0,00;0,00;75,00;4,00;0,00;0,00;0,00;0,00;0,00;5,00;5,00;90,00;A/C;0,1;NA;h3;c0;ss
B04;14,8798970;-24,4904810;7;16.09.2015;beach;beach_spühlsaum;beach;SW;1;0,00;0,00;75,00;4,00;0,00;0,00;0,00;0,00;0,00;5,00;5,00;90,00;A/C;0,1;NA;h3;c0;ss
B06;14,8815950;-24,4944850;9;16.09.2015;beach;beach_verlandungszone;beach;SW;5;0,00;0,00;25,00;2,50;1,00;0,10;0,00;0,00;0;0;5,00;20,00;NA;0;NA;NA;c0;NA
B31;14,8742030;-24,3589659;915;19.09.2015;agric_ext;agric_extensive_open;;SE;3;1,00;4,00;5,00;2,00;25,00;0,30;0,00;0,00;60,00;0;0;0;Kolluvisol;NA;4/5;h4;c0;schluffig tonig
B49;14,9850339;-24,2923880;58;24.09.2015;lava;lava_unknown;;E;25;0,00;0,00;0,00;0,00;10,00;0,40;0,00;1,00;1,00;90,00;0,00;1,00;NA;NA;NA;NA;NA;NA
C06;15,007237;-24,338516;1121,848145;03.10.2016;;;Forest, Repeat: A030;;;;;;;;;;;;;;;;;;;;
C07;15,016871;-24,405073;535,994507;05.10.2016;;;Ruderal slopes in agricultural used region;NW;60;0;0;11;0,80;95;0,35;0;0;1;7;0;0;;;;;;
C16;15,013567;-24,433605;155,61676;06.10.2016;;;Ruderal slopes in agricultural used region;N;5;0;0;1;1,30;85;0,60;0;0;10;1,00;0;1,00;;;;;;
X01;14,968505;-24,368972;1750;30.09.2016;;;Cha de Caldera, around settlements;;;;;;;;;;;;;;;;;;;;
X02;14,992224;-24,35825;1640;30.09.2016;;;Caldera, Eucalyptus forest ;;;;;;;;;;;;;;;;;;;;
X03;14,962982;-24,351735;1810;01.10.2016;;;Cha de Caldera, trail to volcane top;;;;;;;;;;;;;;;;;;;;
X04;14,992871;-24,35673;1780;01.10.2016;;;Caldera, Eucalyptus forest ;;;;;;;;;;;;;;;;;;;;
X05;14,973645;-24,357314;1780;02.10.2016;;;Cha de Caldera: lava cave ;;;;;;;;;;;;;;;;;;;;
X06;14,961422;-24,363087;1800;01.10.2016;;;Cha de Caldera, trail from volcane top;;;;;;;;;;;;;;;;;;;;
X07;14,992178;-24,358758;1750;03.10.2016;;;Caldera, Eucalyptus forest ;;;;;;;;;;;;;;;;;;;;
X08;15,003899;-24,34242;1380;03.10.2016;;;footpath Caldera - Mosteiros;;;;;;;;;;;;;;;;;;;;
X09;14,995833;-24,344536;1580;03.10.2016;;;Cha de Caldera, east NP post;;;;;;;;;;;;;;;;;;;;
X10;15,033926;-24,324703;20;05.10.2016;;;Mosteiros;;;;;;;;;;;;;;;;;;;;
X11;15,017566;-24,415469;350;06.10.2016;;;road along NW coast;;;;;;;;;;;;;;;;;;;;
X12;15,014823;-24,421837;280;06.10.2016;;;road along NW coast;;;;;;;;;;;;;;;;;;;;
X13;15,013853;-24,433927;150;06.10.2016;;;road along NW coast;;;;;;;;;;;;;;;;;;;;
X14;15,012788;-24,431192;200;06.10.2016;;;road along NW coast;;;;;;;;;;;;;;;;;;;;
X15;15,018329;-24,396655;180;06.10.2016;;;road along NW coast;;;;;;;;;;;;;;;;;;;;
X16;15,033926;-24,324703;20;07.10.2016;;;Mosteiros;;;;;;;;;;;;;;;;;;;;
X17;15,006844;-24,393814;980;09.10.2016;;;foot path NW coast;;;;;;;;;;;;;;;;;;;;
X18;14,887829;-24,485134;165;11.10.2016;;;Flughafen Sao Filipe;;;;;;;;;;;;;;;;;;;;
X19;14,955656;-24,385690;1790;01.10.2016;;;Cha de Caldera, vinery;;;;;;;;;;;;;;;;;;;;
A02;14,8798300;-24,4910840;25;16.09.2015;beach;beach_spühlsaum;beach;W;1;0,00;0,00;0,00;0,00;0,00;0,00;0,00;0,00;0,00;100,00;0,00;0,00;NA;NA;NA;h0;c0;NA
A03;14,8796660;-24,4906900;1;16.09.2015;beach;beach_spühlsaum;beach;W;1;0,00;0,00;0,00;0,00;0,00;0,00;0,00;0,00;0,00;100,00;0,00;0,00;NA;NA;NA;h0;c0;NA
A04;14,8794700;-24,4901280;2;16.09.2015;beach;beach_spühlsaum;beach;W;1;0,00;0,00;0,00;0,00;0,00;0,00;0,00;0,00;0,00;100,00;0,00;0,00;NA;NA;NA;h0;c0;NA
A25;15,0021870;-24,3445290;1420;20.09.2015;forest;forest_nebel;;NE;45;50,00;15,00;5,00;1,50;10,00;0,40;0,00;0,01;60,00;20,00;1,00;20,00;Andosol;NA;5/8;h2;c0;sand
A26;15,0018620;-24,3449650;1429;20.09.2015;forest;forest_nebel;;NE;45;50,00;15,00;5,00;1,50;10,00;0,40;0,00;0,01;60,00;20,00;1,00;20,00;Andosol;NA;5/8;h2;c0;sand
A27;15,0012980;-24,3450610;1439;20.09.2015;forest;forest_nebel;;NE;45;50,00;15,00;5,00;1,50;10,00;0,40;0,00;0,01;60,00;20,00;1,00;20,00;Andosol;NA;5/8;h2;c0;sand
B16;14,9011270;-24,3545130;1449;18.09.2015;agric_ext;agric_extensive_open;caldera slope out;SW;20;0,00;0,00;20,00;1,00;40,00;0,10;0,00;0,00;30,00;0,00;3,00;0,00;NA;NA;5/4;NA;c0;NA
B17;14,9003650;-24,3553210;1435;18.09.2015;agric_ext;agric_extensive_open;caldera slope out;SW;20;0,00;0,00;20,00;1,00;40,00;0,10;0,00;0,00;30,00;0,00;3,00;0,00;NA;NA;5/4;NA;c0;NA
B20;14,8992810;-24,3555420;1410;18.09.2015;agric_ext;agric_extensive_open;;SE;15;0,00;0,00;5,00;2,50;20,00;0,20;0,00;0,10;1,00;75,00;0,00;1,00;NA;NA;4/2;h1;c0;NA
B34;14,9078810;-24,2941000;572;22.09.2015;ruderal;ruderal_agave;;NE;45;0,00;0,00;70,00;2,50;30,00;0,50;1,00;1,00;5,00;5,00;0,00;0,00;Litosol;0,03;5/4;h1;c0;NA
A45;14,9670690;-24,2938510;267;22.09.2015;lava;lava_young;;NE;15;0,00;0,00;0,00;0,00;0,00;0,00;0,00;1,00;0,00;100,00;0,00;0,00;NA;NA;NA;NA;NA;NA
C44;15,019666;-24,434066;89,344749;10.10.2016;;;Coastal plain, young lava ashes;W;20;0;0;0;0;10;0,20;0;0;0;90;0;0;;;;;;
C45;15,019958;-24,433807;93,27124;10.10.2016;;;Coastal plain, young lava ashes;W;20;0;0;0;0;10;0,25;0;0;0;90;0;0;;;;;;
C46;15,020165;-24,433629;93,939743;10.10.2016;;;Coastal plain, young lava ashes;W;20;0;0;0;0;20;0,25;0;0;0;90;0;0;;;;;;
C47;15,02023391;-24,433466;97;10.10.2016;;;Coastal plain, young lava ashes;W;20;2;1,40;0;0;20;0,40;0;0;0;90;0;0;;;;;;
A01;14,8802510;-24,4923000;20;16.09.2015;beach;beach_spühlsaum;beach;W;1;0,00;0,00;0,00;0,00;0,00;0,00;0,00;0,00;0,00;100,00;0,00;0,00;NA;NA;NA;h0;c0;NA
A05;14,8817555;-24,4944470;10;16.09.2015;beach;beach_spühlsaum;beach;SW;10;0,00;0,00;0,00;0,00;10,00;0,10;0,00;0,00;0,00;90,00;0,10;0,10;NA;NA;NA;h0;c0;NA
A09;14,8509860;-24,3879710;520;17.09.2015;agric_brache;agric_brache_mitgehoelz;semiarid bushland;E;5;40,00;5,00;0,00;0,00;80,00;0,30;0,00;0,00;5,00;15,00;3,00;50,00;NA;0,05;5/3;h2;c0;NA
A10;14,8516540;-24,3883320;525;17.09.2015;agric_brache;agric_brache_mitgehoelz;semiarid bushland;S;15;60,00;5,00;5,00;1,00;70,00;0,20;0,00;0,00;5,00;15,00;5,00;10,00;NA;0,1;5/3;h2;c0;NA
A11;14,8520920;-24,3877190;535;17.09.2015;agric_brache;agric_brache_open;semiarid bushland;SW;10;0,00;0,00;0,00;0,00;95,00;0,30;0,00;0,00;1,00;5,00;0,00;10,00;NA;0,1;5/3;h1;c0;NA
B18;14,9001300;-24,3558660;1412;18.09.2015;agric_brache;agric_brache_mitgehoelz;;SE;10;0,00;0,00;20,00;1,00;30,00;0,10;0,00;0,00;5,00;40,00;1,00;3,00;NA;NA;4/2;h0;c0;NA
A12;14,8811820;-24,3576690;1004;19.09.2015;agric_ext;agric_extensive_open;agricultural bean field;S;1;0,00;0,00;1,00;5,00;50,00;0,25;0,00;0,00;20,00;20,00;0,00;10,00;Andosol;NA;5/4;NA;c0;NA
A13;14,8810930;-24,3584170;1000;19.09.2015;agric_ext;agric_extensive_open;agricultural bean field;S;8;0,00;0,00;0,00;0,00;60,00;0,20;0,00;0,00;35,00;5,00;5,00;5,00;NA;NA;NA;NA;c0;NA
A14;14,8816510;-24,3590910;1026;19.09.2015;agric_ext;agric_extensive_mitgehoelz;;S;10;0,00;0,00;75,00;3,00;85,00;0,30;0,00;0,00;0,00;5,00;0,00;5,00;Andosol;0,08;5/4;h2;c0;NA
A15;14,8817090;-24,3594290;1040;19.09.2015;bushland;bushland_seminatural;unter Baum;SE;20;0,00;0,00;90,00;1,20;0,00;0,00;0,00;0,00;5,00;5,00;5,00;5,00;NA;NA;NA;NA;c0;NA
A16;14,8821120;-24,3594150;1066;19.09.2015;bushland;bushland_seminatural;;SE;20;0,00;0,00;20,00;1,50;20,00;0,20;0,00;0,00;30,00;30,00;0,00;1,00;NA;NA;NA;h0;c0;NA
A18;14,8816340;-24,3598630;1053;19.09.2015;agric_ext;agric_extensive_open;Maniok plantation;S;20;0,00;0,00;10,00;1,00;15,00;0,15;0,00;0,00;60,00;15,00;0,00;1,00;NA;NA;NA;h0;c0;NA
A20;14,8803060;-24,3597990;1044;19.09.2015;bushland;bushland_seminatural;eukalyptus plantation on terrace;NE;10;20,00;8,00;5,00;0,50;30,00;0,15;0,00;0,00;25,00;20,00;1,00;1,00;NA;NA;NA;h0;c0;NA
A21;14,8801570;-24,3590780;1016;19.09.2015;bushland;bushland_seminatural;;SE;30;15,00;8,00;0,00;0,00;50,00;0,15;0,00;0,00;20,00;10,00;5,00;5,00;NA;NA;NA;h0;c0;NA
A22;14,8786210;-24,3570840;957;19.09.2015;agric_ext;agric_extensive_open;agricultural;SE;1;0,00;0,00;10,00;4,00;30,00;0,20;0,00;0,00;50,00;10,00;1,00;1,00;NA;NA;NA;h0;c0;NA
A33;14,8976730;-24,2926810;507;22.09.2015;agric_int;agric_intesive_open;;E;5;0,00;0,00;5,00;1,50;60,00;1,00;0,00;1,00;20,00;15,00;0,00;5,00;Kolluvisol;NA;5/4;h1;c0;NA
A34;14,9150940;-24,2975270;433;22.09.2015;ruderal;ruderal_agave;;NE;30;0,00;0,00;10,00;1,50;60,00;0,60;1,00;1,00;10,00;5,00;0,00;5,00;Kolluvisol;0,5;4/4;h2;c0;NA
A36;14,9198370;-24,2948999;345;22.09.2015;lava;lava_young;;E;10;0,00;0,00;0,00;0,00;0,00;0,00;0,00;50,00;0,00;100,00;0,00;0,00;NA;NA;NA;NA;NA;NA
A35;14,9192890;-24,2945349;353;22.09.2015;lava;lava_young;;NE;35;0,00;0,00;0,00;0,00;0,00;0,00;1,00;70,00;0,00;100,00;0,00;0,00;NA;NA;NA;NA;NA;NA
A37;14,9236689;-24,2945610;338;22.09.2015;lava;lava_holo;;E;10;0,00;0,00;5,00;1,00;30,00;0,30;1,00;1,00;0,00;60,00;0,00;1,00;NA;NA;NA;h0;c0;NA
A38;14,9378509;-24,2960329;288;22.09.2015;lava;lava_holo;;NE;15;0,00;0,00;15,00;3,00;1,00;0,30;1,00;30,00;0,00;85,00;0,00;1,00;NA;NA;NA;NA;NA;NA
A39;14,9456780;-24,2948640;278;22.09.2015;lava;lava_holo;;SE;10;0,00;0,00;25,00;4,00;60,00;1,00;0,00;0,00;5,00;5,00;0,00;5,00;Kolluvisol;0,5;5/2;h4;c0;NA
A40;14,9541199;-24,2955093;200;22.09.2015;agric_ext;agric_extensive_open;;E;8;0,00;0,00;10,00;1,00;60,00;1,20;0,00;0,00;20,00;10,00;0,00;0,00;Regosol;NA;5/2;h2;c0;NA
A41;14,9634240;-24,2935009;167;22.09.2015;lava;lava_young;;NE;10;0,00;0,00;0,00;0,00;0,00;0,00;0,00;1,00;0,00;100,00;0,00;0,00;NA;NA;NA;NA;NA;NA
A42;14,9675619;-24,2939739;196;22.09.2015;lava;lava_young;;NE;15;0,00;0,00;0,00;0,00;0,00;0,00;0,00;1,00;0,00;100,00;0,00;0,00;NA;NA;NA;NA;NA;NA
A43;15,0331090;-24,3229770;55;23.09.2015;ruderal;ruderal_settle;rocky shore;N;30;0,00;0,00;15,00;2,00;60,00;0,30;0,00;0,00;5,00;20,00;0,00;1,00;Andosol;0,02;NA;h1;c0;NA
A46;14,9760670;-24,2955049;192;24.09.2015;lava;lava_young;Siedlungsplot in Lavafield;NE;5;5,00;6,00;5,00;2,00;50,00;0,30;0,00;0,01;0,00;40,00;0,00;1,00;NA;NA;NA;h1;c0;NA
A48;14,9844489;-24,2923399;27;24.09.2015;beach;beach_coast;Coastal plateau;E;10;0,00;0,00;5,00;0,50;20,00;0,30;0,00;0,00;0,00;75,00;0,00;0,00;NA;NA;NA;NA;NA;NA
B50;14,9853089;-24,2931790;80;24.09.2015;lava;lava - young;lavaflow eroded by water;E;15;0,00;0,00;5,00;0,80;15,00;0,50;0,00;5,00;0,00;80,00;0,00;2,00;NA;NA;NA;NA;NA;NA
A49;14,9904159;-24,2946389;89;24.09.2015;lava;lava_young;;E;5;0,00;0,00;2,50;0,40;2,50;0,30;0,00;1,00;0,00;95,00;0,00;0,00;NA;NA;NA;NA;NA;NA
A50;14,9952420;-24,2962150;74;24.09.2015;beach;beach_coast;Steilküste;E;35;0,00;0,00;5,00;0,40;1,00;0,10;0,00;0,10;0,00;95,00;0,00;0,00;NA;NA;NA;NA;NA;NA
A51;14,9971699;-24,2989310;115;24.09.2015;lava;lava_holo;;E;30;0,00;0,00;0,00;0,00;90,00;0,20;0,00;0,01;0,00;10,00;0,00;0,00;NA;NA;NA;h3;c0;NA
A53;15,0069689;-24,3048280;130;24.09.2015;lava;lava_unknown;;E;5;0,00;0,00;10,00;2,50;40,00;0,40;1,00;50,00;0,00;50,00;0,00;0,00;NA;NA;NA;NA;NA;NA
A54;15,0109199;-24,3065729;111;24.09.2015;lava;lava_unknown;;NE;10;0,00;0,00;0,00;0,00;1,00;0,20;0,00;20,00;0,00;99,00;0,00;0,00;NA;NA;NA;NA;NA;NA
A52;15,0065939;-24,3045870;131;24.09.2015;lava;lava_young;;E;8;0,00;0,00;1,00;0,40;5,00;0,30;0,00;2,00;0,00;95,00;0,00;0,00;NA;NA;NA;NA;NA;NA
C01;14,992609;-24,358171;1534,942749;30.09.2016;;;Open Eucalypt Forest, Bordeira, North;SE;5;10;12;5;1;40;0,20;1,00;1,00;3;4;0;70;;;;;;
C02;14,972685;-24,376032;2006,704346;02.10.2016;;;avalanche slope above hotel;S;45;0;0;;1,20;;0,70;1,00;0;50;40;0;1,00;;;;;;
C03;14,972281;-24,376019;1982,315674;02.10.2016;;;avalanche slope above hotel;S;45;0;0;;1,90;;0,70;1,00;0;80;0;1,00;1,00;;;;;;
C04;14,971593;-24,376278;1939,055664;02.10.2016;;;avalanche slope above hotel;S;40;0;0;1,00;0,40;40;0,20;1,00;0;60;0;1,00;1,00;;;;;;
C05;15,002184;-24,342065;1417,771729;03.10.2016;;;Forest, Repeat: A028;;;;;;;;;;;;;;;;;;;;
D01;15,016333;-24,404942;598,621948;05.10.2016;;;trail;N;15;;;1;0,50;80;0,50;2;;10;10;;5,00;;;;;;
D02;15,015182;-24,404677;639,953491;05.10.2016;;;trail;N;15;;;5;0,80;70;1;1;2;10;10;;2;;;;;;
D03;15,01464;-24,404572;641,873108;05.10.2016;;;baranco;NE;10;10;4;2;0,70;50;0,50;1,00;1,00;15;35;;2;;;;;;
D04;15,014352;-24,405895;668,603882;05.10.2016;;;tree nearby;N;15;;;;;95;1,50;5;;2;5;;2;;;;;;
D05;15,017095;-24,415214;393,718811;06.10.2016;;;trail;NW;15;;;5;2;70;0,40;;;10;20;;1,00;;;;;;
D06;15,015572;-24,422269;288,435608;06.10.2016;;;;NW;20;;;5;0,50;100;0,60;1,00;;1;1;;2;;;;;;
D07;15,015968;-24,422814;270,424225;06.10.2016;;;;;15;;;5;0,80;65;0,40;;;35;2;;15;;;;;;
D08;15,01485;-24,433566;154,179871;06.10.2016;;;;NE;10;;;;;100;1;;;1,00;1,00;;1;;;;;;
D09;15,016512;-24,434239;143,761887;06.10.2016;;;;NW;11;;;5;1,50;50;;;;10;35;;5;;;;;;
D10;15,016495;-24,434066;144,790375;06.10.2016;;;;NW;11;;;1;0,60;60;0,20;;;10;25;;5;;;;;;
D11;15,017253;-24,396979;596,272339;06.10.2016;;;;SW;30;;;;;70;0,40;1;1;15;10;;5;;;;;;
D12;15,017086;-24,396421;619,449158;06.10.2016;;;;N;40;1;2;20;0,70;90;0,50;5;2;1,00;10;;1;;;;;;
D13;14,943928;-24,459603;599,353821;08.10.2016;;;;NW;35;;;1,00;0,70;90;0,50;1;;5;5;;1;;;;;;
D14;14,944026;-24,459672;590,113953;08.10.2016;;;;NW;25;;;;;70;0,40;1,00;1,00;15;15;;5;;;;;;
D15;14,969375;-24,443634;781,96106;08.10.2016;;;;NW;10;;;;;70;0,20;;;20;10;;1;;;;;;
D16;14,969612;-24,443915;778,328369;08.10.2016;;;;NW;10;;;;;80;0,30;1;15;5;1,00;;;;;;;;
D17;14,99019;-24,41673;1051,256714;08.10.2016;;;;NE;35;;;;;80;0,50;;;10;10;;2;;;;;;
D18;14,990148;-24,417001;1050,169922;08.10.2016;;;;SW;25;;;60;1;20;0,20;;;5;15;;5;;;;;;
D19;14,99034;-24,41715;1050,000366;08.10.2016;;;;N;10;;;5;0,60;70;0,20;1;1;5;15;;10;;;;;;
D20;14,999053;-24,405877;964,610413;08.10.2016;;;;N;10;20;5;;;80;0,30;;;10;1;1;10;;;;;;
D21;14,999155;-24,405573;966,14325;08.10.2016;;;;N;10;15;5;2;1;40;0,15;;;30;;;30;;;;;;
D22;14,999399;-24,405666;961,807678;08.10.2016;;;;N;10;2;3;;;60;0,20;2;;15;2;;5;;;;;;
D23;15,006543;-24,396513;946,941101;09.10.2016;;;;E;;;;10;0,60;80;0,30;;;10;2,00;;2,00;;;;;;
D24;15,00827;-24,39159;956,795837;09.10.2016;;;;N;20;;;10;0,50;80;0,30;;;10;1,00;;5;;;;;;
D27;15,009358;-24,389158;974,283508;09.10.2016;;;;W;10;;;;;90;0,40;;;5;5;;1,00;;;;;;
D26;15,009445;-24,38925;969,215271;09.10.2016;;;;W;10;;;;;80;;;1,00;10;2,00;;10;;;;;;
D28;15,01015;-24,387872;985,700806;09.10.2016;;;;N;10;;;;;90;0,20;;;5;;;5;;;;;;
D29;15,01014;-24,38617;1019,337891;09.10.2016;;;;N;10;;;;;80;0,60;;;15;5;;5;;;;;;
D30;14,95778;-24,47589;321,066528;10.10.2016;;;;NW;20;5;4;0;0;85;0,30;0;0;15;2;0;2;;;;;;
D31;14,957774;-24,478822;320,563507;10.10.2016;;;;SW;20;0;0;0;0;90;0,40;0;0;10;0;0;2;;;;;;
D32;14,983311;-24,460648;436,537262;10.10.2016;;;;N;25;0;0;0;0;90;;0;0;5;5;0;1;;;;;;
D33;14,982658;-24,460611;439,261261;10.10.2016;;;;NW;5;0;0;0;0;95;0,50;0;0;5;0;0;0;;;;;;
D34;15,008516;-24,439701;215,78212;10.10.2016;;;;N;10;0;0;0;0;30;0,30;0;0;70;0;0;60;;;;;;
D35;15,008728;-24,440092;214,159622;10.10.2016;;;;N;10;0;0;0;0;80;0,40;0;0;20;0;0;15;;;;;;
B07;14,8465360;-24,3870150;429;17.09.2015;agric_brache;agric_brache_open;slight plateau;SW;3;0,00;0,00;0,00;0,00;70,00;0,10;0,00;0,00;20,00;10,00;0,00;5,00;A/C;0,1;5/4;h0;c0;NA
B08;14,8460840;-24,3873040;423;17.09.2015;agric_ext;agric_extensive_mitgehoelz;semiarid bushland;S;8;0,00;0,00;80,00;3,00;10,00;0,10;0,00;0,00;10,00;80,00;5,00;5,00;NA;0,01;5/4;h0;c0;gravel
B10;14,8460890;-24,3883570;415;17.09.2015;agric_brache;agric_brache_open;semiarid bushland;SW;3;0,00;0,00;0,00;0,00;85,00;0,10;0,00;0,00;5,00;5,00;0,00;5,00;A/C;0,1;4/6;h0;c0;gravel/sand
B09;14,8455660;-24,3875820;416;17.09.2015;agric_brache;agric_brache_mitgehoelz;semiarid bushland;SW;10;60,00;5,00;0,00;0,00;30,00;0,10;0,00;0,00;10,00;40,00;5,00;5,00;A/C Lithosol;0,1;5/4;h0;c0;gravel
B11;14,8456190;-24,3891000;405;17.09.2015;agric_brache;agric_brache_open;semiarid bushland;SW;10;0,00;0,00;0,00;0,00;85,00;0,30;0,00;0,00;0,00;20,00;0,00;0,00;C;0;NA;h0;c0;bedrock
B12;14,9158980;-24,3395400;1671;18.09.2015;agric_ext;agric_extensive_open;caldera;SE;15;0,00;0,00;5,00;0,20;5,00;0,10;0,00;0,00;0,00;100,00;0,00;0,00;Lithosol;0;4/4;h0;c0;gravel
B13;14,9323870;-24,3533040;1810;18.09.2015;lava;lava_caldeira;caldera;SW;15;5,00;4,00;5,00;2,00;0,10;0,05;0,00;0,00;0,00;100,00;5,00;0,00;NA;NA;4/2;h0;c0;gravel
B14;14,9215409;-24,3558810;NA;18.09.2015;lava;lava_caldeira;caldera;NE;30;0,00;0,00;5,00;0,40;5,00;0,10;0,00;0,00;0,00;30,00;0,00;0,00;NA;0;3/2;h0;c0;gravel
B22;14,8978390;-24,3552640;1368;18.09.2015;agric_ext;agric_extensive_open;;S;15;0,00;0,00;5,00;2,00;10,00;0,10;0,00;0,00;0,00;85,00;1,00;0,10;NA;NA;5/2;h0;c0;NA
B36;14,9196790;-24,2949930;366;22.09.2015;agric_int;agric_intesive_open;;NE;10;2,00;5,00;15,00;4,00;70,00;0,50;0,00;1,00;10,00;5,00;0,00;3,00;Kolluvisol;0,3;4/4;h3;c0;NA
B37;14,9189060;-24,2935920;352;22.09.2015;ruderal;ruderal_settle;;NE;3;5,00;7,00;45,00;2,00;30,00;0,60;0,00;2,00;1,00;30,00;2,00;3,00;Litosol;0;NA;h0;c0;NA
B38;14,9239000;-24,2947760;361;22.09.2015;lava;lava_holo;;NE;10;0,00;0,00;5,00;3,00;25,00;0,20;0,00;40,00;1,00;75,00;0,00;1,00;Litosol;0,02;3/4;h0;c0;NA
B45;15,0334060;-24,3190950;23;23.09.2015;agric_ext;agric_extensive_open;rand Lavaflow nahe Küste;NE;2;0,00;0,00;45,00;3,50;30,00;0,30;0,00;0,00;60,00;5,00;0,00;2,00;Andosol;0,5;5/4;h3;c0;NA
B53;14,9972920;-24,2985489;124;24.09.2015;bushland;bushland_seminatural;;E;5;0,00;0,00;20,00;3,50;70,00;1,20;0,00;1,00;5,00;5,00;0,00;5,00;Litosol;NA;5/4;h4;c0;NA
B57;15,0118109;-24,3060070;108;24.09.2015;lava;lava - young;;E;8;0,00;0,00;0,00;0,00;3,00;0,30;0,00;20,00;0,00;97,00;0,00;1,00;NA;NA;NA;NA;NA;NA
A06;14,8503120;-24,3865520;514;17.09.2015;agric_brache;agric_brache_open;semiarid bushland;SW;3;0,00;0,00;0,00;0,00;90,00;0,10;0,00;0,00;10,00;0,00;1,00;1,00;NA;0,3;4/6;h0;c0;NA
A07;14,8502420;-24,3869650;508;17.09.2015;agric_brache;agric_brache_open;semiarid bushland;SW;5;0,00;0,00;0,00;0,00;90,00;0,30;0,00;0,00;0,00;5,00;0,00;0,00;NA;0,3;4/6;h0;c0;NA
A08;14,8505410;-24,3878230;514;17.09.2015;agric_brache;agric_brache_open;semiarid bushland;SW;20;0,00;0,00;0,00;0,00;30,00;0,10;0,00;1,00;20,00;50,00;2,00;1,00;NA;0,1;5/3;h2;c0;NA
B15;14,9026600;-24,3520750;1506;18.09.2015;agric_ext;agric_extensive_open;caldera slope out;SW;20;0,00;0,00;20,00;1,00;40,00;0,10;0,00;0,00;30,00;0,00;3,00;0,00;NA;NA;5/4;NA;c0;NA
C08;15,014955;-24,404778;602,945618;05.10.2016;;;Ruderal slopes in agricultural used region;NNW;5;0;0;4;0,85;90;0,50;0;0;0;1,00;0;0;;;;;;
C09;15,014347;-24,404152;602,718384;05.10.2016;;;Ruderal slopes in agricultural used region;N;7;0;0;2,50;2;15;0,30;1,00;1,00;8;80;0;5;;;;;;
C10;15,014272;-24,403995;611,641479;05.10.2016;;;Ruderal slopes in agricultural used region;NE;80;0;0;5;2;65;0,90;20;1,00;1,00;15;1,00;2;;;;;;
C11;15,015716;-24,406888;568,904602;05.10.2016;;;Ruderal slopes in agricultural used region;NW;35;5,00;2;0;0;70;0,30;5,00;1,00;15;15;0;1,00;;;;;;
C12;15,017649;-24,414581;362,581726;06.10.2016;;;Ruderal slopes in agricultural used region;NE;40;0;0;3;0,60;95;0,45;1,00;0;5;5;0;1,00;;;;;;
C13;15,017812;-24,415047;349,586792;06.10.2016;;;Ruderal slopes in agricultural used region;E;50;0;0;5;1,50;70;0,60;1,00;1,00;5;7;0;1,00;;;;;;
C14;15,014035;-24,421241;320,161926;06.10.2016;;;Ruderal slopes in agricultural used region;N;20;0;0;30;1;40;0,50;1,00;3;5;10;0;1;;;;;;
C15;15,014259;-24,42142;307,12207;06.10.2016;;;Ruderal slopes in agricultural used region;N;20;0;0;5;1;80;0,40;1;2;10;10;0;2;;;;;;
C17;15,011055;-24,431397;213,681732;06.10.2016;;;Ruderal slopes in agricultural used region;N;2;0;0;2;1,50;85;0,35;0;1,00;13;5;0;2;;;;;;
C18;15,011112;-24,433155;173,056076;06.10.2016;;;Ruderal slopes in agricultural used region;W;20;5;2,80;2;0,50;70;0,30;1,00;1,00;15;15;0;1,00;;;;;;
C19;15,017595;-24,396471;596,368896;06.10.2016;;;Ruderal slopes in agricultural used region;SW;50;0;0;30;2;50;0,20;2,50;1;20;20;0;1;;;;;;
C20;15,01896;-24,397121;569,958923;06.10.2016;;;Ruderal slopes in agricultural used region;NW;1;10;3;20;1,50;10;0,20;0;0;5;25;0;0;;;;;;
C21;14,943977;-24,459076;597,058533;08.10.2016;;;Ruderal slopes in agricultural used region;W;40;5;;2;;600;;1,00;0;30;20;0;2;;;;;;
C22;14,969258;-24,443443;768,25177;08.10.2016;;;Ruderal slopes in agricultural used region;W;1;10;3;5;2;70;0,40;0;0;10;5;0;1;;;;;;
C23;14,969175;-24,442107;798,96875;08.10.2016;;;Ruderal slopes in agricultural used region;W;1;0;0;7;0,70;80;0,50;;;;;;;;;;;;
C24;14,989967;-24,416778;1043,45459;08.10.2016;;;Ruderal slopes in agricultural used region;NW;5;0;0;60;0,90;30;0,20;0;1,00;1;10;0;1,00;;;;;;
C25;14,989678;-24,416676;1049,418335;08.10.2016;;;Ruderal slopes in agricultural used region;NE;40;20;7;60;1;30;0,20;1;1,00;3;3;1,00;1,00;;;;;;
C26;14,989313;-24,416599;1068,464233;08.10.2016;;;Ruderal slopes in agricultural used region;N;15;0;0;5;0,40;80;0,15;1;1;2;5;0;1,00;;;;;;
C27;14,999327;-24,406012;938,779114;08.10.2016;;;Ruderal slopes in agricultural used region;NE;18;5;12;10;1;40;0,20;0;0;0;60;0;1;;;;;;
C28;14,99947;-24,406058;935,624207;08.10.2016;;;Ruderal slopes in agricultural used region;N;15;25;8;5;1;95;0,40;2;0;2;1,00;0;1;;;;;;
C29;14,999758;-24,405765;935,185608;08.10.2016;;;Ruderal slopes in agricultural used region;NNW;5;60;8;20;1,20;90;0,60;0;0;0;0;0;1;;;;;;
C30;15,006888;-24,396521;941,03833;09.10.2016;;;Ruderal slopes in agricultural used region;N;10;0;0;40;1;50;0,20;0;0;0;10;0;1,00;;;;;;
C31;15,009045;-24,392054;945,202637;09.10.2016;;;Ruderal slopes in agricultural used region;N;5;0;0;25;0,60;70;0,30;0;0;10;1;0;1,00;;;;;;
C32;15,008664;-24,391352;935,795959;09.10.2016;;;Ruderal slopes in agricultural used region;E;30;5;3;20;1,20;60;0,50;1,00;1;1,00;20;0;1;;;;;;
C33;15,008873;-24,38942;986,943359;09.10.2016;;;Ruderal slopes in agricultural used region;NW;10;0;0;5;0,60;90;0,30;0;0;10;0;0;5;;;;;;
C34;15,009651;-24,387988;987,70697;09.10.2016;;;Ruderal slopes in agricultural used region;NW;10;0;0;2;0,40;80;0,20;0;0;20;1,00;1,00;1,00;;;;;;
C35;15,009876;-24,38652;1006,121277;09.10.2016;;;Ruderal slopes in agricultural used region;;;0;0;50;1,80;45;0,30;0;0;5;0;0;2;;;;;;
C36;15,010304;-24,386075;1015,874084;09.10.2016;;;Ruderal slopes in agricultural used region;N;20;2;4;75;3;20;0,30;0;0;5;1,00;0;2;;;;;;
C37;15,011004;-24,384673;1045,568481;09.10.2016;;;Ruderal slopes in agricultural used region;NW;10;40;12;60;0,70;30;0,40;1,00;1,00;2;1,00;0;8;;;;;;
C38;15,010406;-24,385601;1020,646118;09.10.2016;;;Ruderal slopes in agricultural used region;NW;25;25;3;60;1,50;5;0,30;2;1,00;5;10;0;1;;;;;;
C39;14,957798;-24,476672;343,002136;10.10.2016;;;Ruderal slopes in agricultural used region;W;1;5;5;10;1,50;80;0,60;0;0;5;5;0;2;;;;;;
C40;14,982638;-24,460912;435,850616;10.10.2016;;;Ruderal slopes in agricultural used region;SW;5;0;0;3;2,50;90;0,20;0;0;3;0;0;1,00;;;;;;
C41;14,982577;-24,461382;429,879547;10.10.2016;;;Ruderal slopes in agricultural used region;SW;10;0;0;2;0,40;70;0,70;0;0;10;20;0;1;;;;;;
C42;15,008059;-24,438718;231,623093;10.10.2016;;;Ruderal slopes in agricultural used region;SW;10;5;2,50;5;0,90;95;0,50;0;0;3;0;0;1,00;;;;;;
C43;15,008969;-24,439321;212,817703;10.10.2016;;;Ruderal slopes in agricultural used region;SW;15;0;0;0;0;70;0,70;0;0;10;1,00;0;15;;;;;;
B27;14,8771009;-24,3607680;1078;19.09.2015;agric_brache;agric_brache_open;;S;20;0,00;0,00;15,00;4,00;50,00;0,40;0,00;0,00;50,00;10,00;1,00;1,00;Litosol;0,05;NA;h0;c0;NA
B28;14,8767989;-24,3596470;1060;19.09.2015;bushland;bushland_seminatural;steiler Schutthang;SE;20;0,00;0,00;40,00;2,00;15,00;0,10;0,00;0,00;60,00;20,00;0,00;20,00;Litosol;0,1;5/4;h0;c0;sand
B29;14,8762920;-24,3593360;1020;19.09.2015;agric_brache;agric_brache_mitgehoelz;Schutthang weiter unter;SE;20;5,00;6,00;30,00;NA;40,00;0,30;0,00;0,00;30,00;2,00;1,00;30,00;Andosol;0,03;5/4;h1;c0;NA
B30;14,8754759;-24,3594569;976;19.09.2015;agric_ext;agric_extensive_mitgehoelz;Hang weiter unten;SE;20;1,00;4,50;20,00;2,00;50,00;0,30;0,00;0,00;30,00;5,00;2,00;0;Andosol;0,2;5/4;h3;c0;sand
A23;14,9932540;-24,3552210;1541;20.09.2015;forest;forest_eukaly;;SE;3;25,00;12,00;10,00;1,00;5,00;0,30;0,00;0,00;0,00;15,00;0,00;60,00;NA;NA;NA;h0;c0;NA
A24;15,0025780;-24,3446920;1417;20.09.2015;forest;forest_nebel;;NE;45;50,00;15,00;5,00;1,50;10,00;0,40;0,00;0,01;60,00;20,00;1,00;20,00;Andosol;NA;5/8;h2;c0;sand
A28;15,0021570;-24,3420830;1352;20.09.2015;forest;forest_nebel;;NE;20;30,00;15,00;1,00;1,30;1,00;0,30;1,00;0,00;80,00;2,00;0,00;20,00;Andosol;NA;5/4;h3;c0;sand
A30;15,0072370;-24,3385160;1122;20.09.2015;forest;forest_nebel;;NE;15;50,00;15,00;5,00;0,80;5,00;0,20;1,00;0,00;70,00;5,00;1,00;50,00;Cambisol;1;5/4;h3;c0;clay
A29;15,0051920;-24,3404590;1244;20.09.2015;forest;forest_nebel;;NE;20;30,00;15,00;1,00;0,80;20,00;0,40;1,00;0,00;50,00;20,00;5,00;10,00;Litosol;0,1;5/4;h1;c0;gravel
A31;15,0076810;-24,3365800;1049;20.09.2015;forest;forest_nebel;;N;8;50,00;20,00;1,00;0,50;10,00;0,40;1,00;1,00;25,00;1,00;0,00;40,00;Cambisol;NA;5/4;h4;c0;clay
A32;15,0093290;-24,3347460;982;20.09.2015;forest;forest_coffee;;N;10;10,00;17,00;35,00;3,00;70,00;0,80;3,00;0,00;5,00;0,00;5,00;20,00;Cambisol;2;5/4;h4;c0;clay
B32;14,8984280;-24,2927760;500;22.09.2015;bushland;bushland_seminatural;;E;10;25,00;7,00;40,00;2,00;70,00;0,40;0,00;1,00;5,00;15,00;0,00;2,00;Litosol;0,05;5/4;h0;c0;NA
B33;14,9077410;-24,2938070;573;22.09.2015;ruderal;ruderal_agave;;NE;45;0,00;0,00;70,00;2,50;30,00;0,50;1,00;1,00;5,00;5,00;0,00;0,00;Litosol;0,03;5/4;h1;c0;NA
B39;14,9381660;-24,2954020;299;22.09.2015;lava;lava - young;;NE;20;0,00;0,00;0,00;0,00;0,50;0,20;0,00;10,00;0,00;99,00;0,00;0,00;NA;NA;NA;NA;NA;NA
B40;14,9465790;-24,2955280;246;22.09.2015;bushland;bushland_seminatural;;E;15;7,00;7,00;15,00;2,00;75,00;1,00;0,00;1,00;25,00;2,00;0,00;5,00;Kolluvisol;1;5/2;h3;c0;NA
B41;14,9544020;-24,2948870;232;22.09.2015;agric_int;agric_intesive_open;;E;10;5,00;7,00;30,00;2,00;43,00;0,80;0,00;1,00;40,00;3,00;0,00;10,00;Kolluvisol;1;5/2;h3;c0;NA
B42;14,9632370;-24,2942250;230;22.09.2015;lava;lava - young;;N;20;0,00;0,00;1,00;0,50;1,00;NA;0,00;8,00;0,00;99,00;0,00;0,00;NA;NA;NA;NA;NA;NA
B43;14,9674700;-24,2927460;203;22.09.2015;lava;lava - young;;N;15;0,00;0,00;0,00;0,00;0,00;0,00;0,00;8,00;0,00;100,00;0,00;0,00;NA;NA;NA;NA;NA;NA
B44;15,0332030;-24,3218120;30;23.09.2015;agric_int;agric_intesive_open;;E;2;0,00;0,00;50,00;3,50;25,00;0,40;0,00;0,00;40,00;1,00;2,00;0,00;Andosol;0,5;5/4;h3;c0;NA
B23;14,8812090;-24,3579990;1051;19.09.2015;lava;lava_holo;on lava flow;S;10;0,00;0,00;5,00;2,00;25,00;0,10;0,00;1,00;2,00;40,00;0,00;0,00;Litosol;NA;5/4;h0;c0;NA
B24;14,8803320;-24,3578299;1049;19.09.2015;lava;lava_holo;;S;12;0,00;0,00;2,00;3,00;20,00;0,10;1,00;2,00;20,00;60,00;0,00;0,00;Litosol;0;5/4;h0;c0;NA
B25;14,8813070;-24,3606270;1137;19.09.2015;agric_ext;agric_extensive_open;steiler Vulkankegel;S;25;0,00;0,00;3,00;3,00;50,00;0,20;0,00;0,00;40,00;5,00;5,00;0,00;Andosol;0,1;5/6;h3;c0;schluffiger sand
B26;14,8809040;-24,3610779;1155;19.09.2015;agric_ext;agric_extensive_open;Vulkankegel;E;30;0,00;0,00;10,00;3,00;25,00;0,20;0,00;0,00;75,00;2,00;1,00;0,00;Andosol/Litosol;0,1;4/6;h3;c0;gravel sand
J00;14,9903490;-24,3654462;1638;20.09.2015;forest;forest_eukaly;Waldstreifen nördl Calderarand;--;0;20,00;15,00;20,00;7,00;1,00;30,00;0,00;0,00;0,00;10,00;2,00;2,00;Andosol;NA;NA;NA;NA;NA
J01;14,9923289;-24,3562939;1629;20.09.2015;forest;forest_eukaly;Waldstreifen nördl Calderarand;--;0;40,00;15,00;10,00;3,00;10,00;30,00;0,00;0,00;0,00;15,00;2,00;20,00;Andosol;NA;NA;NA;NA;NA
J04;15,0097070;-24,3346970;970;20.09.2015;agric_ext;agric_extensive_mitgehoelz;N-side, coffee plantation-forest edge;NE;20;20,00;25,00;40,00;5,00;70,00;80,00;5,00;0,00;10,00;5,00;0,00;20,00;Andosol;2;4,2;h4;c0;NA
J05;15,0323580;-24,3144030;34;21.09.2015;lava;lava - young;lavastream at coast;N;3;0,00;0,00;0,00;0,00;0,10;0,20;0,00;0,00;0,00;100,00;0,00;0,00;Lithosol;0;3/2;h0;c0;NA
J06;15,0315599;-24,3138809;43;21.09.2015;lava;lava - young;lavastream at coast;N;5;0,00;0,00;0,00;0,00;0,10;0,20;0,00;0,00;0,00;100,00;0,00;0,00;Lithosol;0;3/2;h0;c0;NA
J07;15,0302619;-24,3128469;43;21.09.2015;lava;lava - young;lavastream at coast;N;5;0,00;0,00;0,00;0,00;0,10;0,20;0,00;0,00;0,00;100,00;0,00;0,00;Lithosol;0;3/2;h0;c0;NA
B35;14,9156759;-24,2975670;412;22.09.2015;agric_int;agric_intesive_open;;E;15;5,00;10,00;20,00;4,00;60,00;0,30;1,00;0,00;35,00;1,00;0,00;1,00;Kolluvisol;2;4/4;h4;c0;NA
A44;15,0339090;-24,3200410;25;23.09.2015;beach;beach_coast;;NE;0;0,00;0,00;0,00;0,00;30,00;0,50;0,00;0,00;40,00;30,00;0,00;1,00;Litosol;NA;NA;h1;c0;NA
B46;14,9759759;-24,2948620;196;24.09.2015;lava;lava - young;;E;15;0,00;0,00;2,00;0,50;3,00;0,30;0,00;20,00;2,00;95,00;0,00;0,00;NA;NA;NA;NA;NA;NA
B47;14,9767440;-24,2936489;168;24.09.2015;lava;lava - young;;E;20;0,00;0,00;3,00;0,50;3,00;0,15;0,00;35,00;1,00;97,00;0,00;1,00;NA;NA;NA;NA;NA;NA
B48;14,9769359;-24,2927050;134;24.09.2015;lava;lava - young;;E;20;0,00;0,00;1,00;0,50;1,00;0,20;0,00;35,00;1,00;97,00;0,00;1,00;NA;NA;NA;NA;NA;NA
B51;14,9906080;-24,2940639;93;24.09.2015;lava;lava - young;;E;20;0,00;0,00;0,00;0,00;20,00;1,00;0,00;1,00;2,00;85,00;0,00;1,00;Litosol;NA;3/2;NA;NA;NA
B52;14,9949319;-24,2966200;103;24.09.2015;lava;lava - young;;E;5;0,00;0,00;0,00;0,00;7,00;1,00;1,00;30,00;1,00;85,00;0,00;0,00;NA;NA;NA;NA;NA;NA
B54;15,0065540;-24,3056809;170;24.09.2015;lava;lava_holo;Lavastream Holozän;E;10;0,00;0,00;15,00;2,50;75,00;0,80;0,00;3,00;5,00;15,00;0,00;5,00;Litosol;NA;5/4;h3;c0;holozän Lava
B56;15,0057009;-24,3050990;171;24.09.2015;bushland;bushland_seminatural;Hand mit Lavaflow stark bewachsen;NE;15;0,00;0,00;20,00;2,50;60,00;1,00;0,00;0,10;2,00;25,00;0,00;2,00;Litosol;NA;5/4;h2;c0;NA
D25;15,008555;-24,391205;938,278931;09.10.2016;;;;NW;20;;;20;0,50;90;0,20;10;1;5;5;;1;;;;;;
B01;14,8800410;-24,4912370;-4;16.09.2015;beach;beach_spühlsaum;beach;SW;1;0,00;0,00;75,00;4,00;0,00;0,00;0,00;0,00;0,00;5,00;5,00;90,00;A/C;0,1;NA;h3;c0;ss
B05;14,8800530;-24,4911570;4;16.09.2015;beach;beach_verlandungszone;semiarid bushland;SW;15;0,00;0,00;15,00;3,00;3,00;0,30;0,00;0,00;30,00;65,00;5,00;0,00;A/C;0;NA;h0;c0;NA
